{
  "expected_mult": 3.0,
  "go_first_bonus": 1.3183814884275122,
  "opp_dmg_penalty": 2.0854952127218045,
  "survival_bonus": 0.0,
  "accuracy_mult": 0.4788253609013361,
  "effectiveness_mult": 2.5,
  "ko_bonus": 2.566751426991888,
  "switch_outgoing_mult": 3.0,
  "switch_incoming_penalty": 2.7419809810654234
}