{
  "expected_mult": 2.6703933131057935,
  "go_first_bonus": 0.6243613242150794,
  "opp_dmg_penalty": 1.220700255673843,
  "survival_bonus": 0.0,
  "accuracy_mult": 0.6712072811746949,
  "effectiveness_mult": 2.5,
  "ko_bonus": 3.0,
  "switch_outgoing_mult": 3.0,
  "switch_incoming_penalty": 2.8005566109122526
}