{
  "expected_mult": 2.8699341573488404,
  "go_first_bonus": 1.0033963763933773,
  "opp_dmg_penalty": 1.7894278701581658,
  "survival_bonus": 0.03335703286962825,
  "accuracy_mult": 0.6547719106538143,
  "effectiveness_mult": 2.222373583890685,
  "ko_bonus": 2.916390359428017,
  "switch_outgoing_mult": 3.0,
  "switch_incoming_penalty": 2.642915490404265
}